파일명,전체 글자수
1. 공리_v99.md,1622
2. 허실_v99.md,1728
3. 극한과 무한_v99.md,1872
4. 곡률_v99.md,1733
5. 대칭_v99.md,1671
6. 불완전성_v99.md,1609
7. 운동_v99.md,1676
8. 장_v99.md,1737
9. 동시성_v99.md,1867
10. 휨_v99.md,2095
11. 엔트로피_v99.md,1747
12. 혼돈_v99.md,1805
13. 양자_v99.md,1945
14. 파동과 확률_v99.md,1907
15. 불확정성_v99.md,2087
16. 경로_v99.md,1806
17. 얽힘_v99.md,2008
18. 측정_v99.md,1907
19. 깨짐_v99.md,1716
20. 입자_v99.md,1604
21. 빅뱅_v99.md,2048
22. 암흑_v99.md,1945
23. 초끈_v99.md,1748
24. 다중우주_v99.md,1901
25. 원자_v99.md,1709
26. 결합_v99.md,1788
27. 문턱_v99.md,1755
28. 핵_v99.md,1874
29. 세포_v99.md,2022
30. 진화_v99.md,1945
31. 뇌_v99.md,1609
32. 의식_v99.md,1687
33. 정보_v99.md,1794
34. 계산_v99.md,1653
35. 인공지능_v99.md,1753
36. 양자계산_v99.md,1719
37. 시간_v99.md,1723
38. 실재_v99.md,1745
39. 인식_v99.md,1783
40. 의지_v99.md,1695
41. 이성_v99.md,1689
42. 해체_v99.md,1882
43. 경계_v99.md,1906
44. 침묵_v99.md,1735
45. 음계_v99.md,1887
46. 산조_v99.md,1632
47. 시_v99.md,1613
48. 비극_v99.md,1618
49. 미술_v99.md,1747
50. 건축_v99.md,1903
51. 우주_v99.md,1746
52. 공존_v99.md,1618
53. 인간_v99.md,1659
