파일명,글자수(공백포함)
0. 서문\0. 序幕 — 問 하늘에 묻다_v99.md,1022
1. 數\1. 공리_v99.md,2007
1. 數\2. 허실_v99.md,2109
1. 數\3. 극한과 무한_v99.md,2009
1. 數\4. 곡률_v99.md,2031
1. 數\5. 대칭_v99.md,2265
1. 數\6. 불완전성_v99.md,1999
2. 力\7. 운동_v99.md,2022
2. 力\8. 장_v99.md,2267
2. 力\9. 동시성_v99.md,2171
2. 力\10. 휨_v99.md,2035
2. 力\11. 엔트로피_v99.md,2301
2. 力\12. 혼돈_v99.md,2027
3. 波\13. 양자_v99.md,2025
3. 波\14. 파동과 확률_v99.md,2078
3. 波\15. 불확정성_v99.md,2196
3. 波\16. 경로_v99.md,2096
3. 波\17. 얽힘_v99.md,1926
3. 波\18. 측정_v99.md,2131
4. 統\19. 깨짐_v99.md,1977
4. 統\20. 입자_v99.md,2327
4. 統\21. 빅뱅_v99.md,2245
4. 統\22. 암흑_v99.md,2176
4. 統\23. 초끈_v99.md,2252
4. 統\24. 다중우주_v99.md,2241
5. 物\25. 원자_v99.md,2096
5. 物\26. 결합_v99.md,2119
5. 物\27. 문턱_v99.md,2280
5. 物\28. 핵_v99.md,2271
6. 生\29. 세포_v99.md,2161
6. 生\30. 진화_v99.md,2192
6. 生\31. 뇌_v99.md,2097
6. 生\32. 의식_v99.md,1974
7. 計\33. 정보_v99.md,2004
7. 計\34. 계산_v99.md,2089
7. 計\35. 인공지능_v99.md,2038
7. 計\36. 양자계산_v99.md,2027
8. 思\37. 시간_v99.md,1740
8. 思\38. 실재_v99.md,1738
8. 思\39. 인식_v99.md,1780
8. 思\40. 의지_v99.md,1921
8. 思\41. 이성_v99.md,1690
8. 思\42. 해체_v99.md,1899
8. 思\43. 경계_v99.md,2051
8. 思\44. 침묵_v99.md,1727
9. 美\45. 음계_v99.md,1878
9. 美\46. 산조_v99.md,1650
9. 美\47. 시_v99.md,1570
9. 美\48. 비극_v99.md,1666
9. 美\49. 미술_v99.md,1730
9. 美\50. 건축_v99.md,1942
10. 望\51. 우주_v99.md,1796
10. 望\52. 공존_v99.md,1614
10. 望\53. 인간_v99.md,1659
"0. 서문\54. 終幕 — 答 다시, 하늘에 묻다_v99.md",713
1. 數\I. 數 — 형식의 발견_v99.md,433
2. 力\II. 力 — 자연의 법칙_v99.md,356
3. 波\III. 波 — 확률의 세계_v99.md,290
4. 統\IV. 統 — 미완의 방정식_v99.md,293
9. 美\IX. 美 — 형식의 충동_v99.md,265
5. 物\V. 物 — 물질과 화학_v99.md,261
6. 生\VI. 生 — 생명과 진화_v99.md,233
7. 計\VII. 計 — 정보와 계산_v99.md,229
8. 思\VIII. 思 — 인식과 철학_v99.md,293
10. 望\X. 望 — 미래를 바라보다_v99.md,163
합계,110863
